Bus,Bus Type,Bus Cost,Passengers,Battery Cost,Battery Type,Month,Route
1,LE,350000,95,1150 Euro/kWh,HP,October,1
2,LE,350000,95,1150 Euro/kWh,HP,October,1
3,LE,350000,95,1150 Euro/kWh,HP,October,1
4,LE,350000,95,1150 Euro/kWh,HP,October,1
5,LE,350000,95,1150 Euro/kWh,HP,October,1
6,LE,350000,95,1150 Euro/kWh,HP,October,1
7,LE,350000,95,1150 Euro/kWh,HP,October,1
8,LE,350000,95,1150 Euro/kWh,HP,October,1
9,LE,350000,95,1150 Euro/kWh,HP,October,1
1,LE,350000,95,1150 Euro/kWh,HP,October,11
2,LE,350000,95,1150 Euro/kWh,HP,October,11
3,LE,350000,95,1150 Euro/kWh,HP,October,11
4,LE,350000,95,1150 Euro/kWh,HP,October,11
5,LE,350000,95,1150 Euro/kWh,HP,October,11
1,LFA,570000,176,1150 Euro/kWh,HP,October,12
2,LFA,570000,176,1150 Euro/kWh,HP,October,12
3,LFA,570000,176,1150 Euro/kWh,HP,October,12
4,LFA,570000,176,1150 Euro/kWh,HP,October,12
5,LFA,570000,176,1150 Euro/kWh,HP,October,12
1,LE,350000,95,1150 Euro/kWh,HP,October,2
2,LE,350000,95,1150 Euro/kWh,HP,October,2
3,LE,350000,95,1150 Euro/kWh,HP,October,2
4,LE,350000,95,1150 Euro/kWh,HP,October,2
5,LE,350000,95,1150 Euro/kWh,HP,October,2
6,LE,350000,95,1150 Euro/kWh,HP,October,2
7,LE,350000,95,1150 Euro/kWh,HP,October,2
1,LE,350000,95,1150 Euro/kWh,HP,October,3
2,LE,350000,95,1150 Euro/kWh,HP,October,3
3,LE,350000,95,1150 Euro/kWh,HP,October,3
4,LE,350000,95,1150 Euro/kWh,HP,October,3
5,LE,350000,95,1150 Euro/kWh,HP,October,3
6,LE,350000,95,1150 Euro/kWh,HP,October,3
7,LE,350000,95,1150 Euro/kWh,HP,October,3
8,LE,350000,95,1150 Euro/kWh,HP,October,3
1,LE,350000,95,1150 Euro/kWh,HP,October,4
2,LE,350000,95,1150 Euro/kWh,HP,October,4
3,LE,350000,95,1150 Euro/kWh,HP,October,4
4,LE,350000,95,1150 Euro/kWh,HP,October,4
1,LE,350000,95,1150 Euro/kWh,HP,October,5
2,LE,350000,95,1150 Euro/kWh,HP,October,5
3,LE,350000,95,1150 Euro/kWh,HP,October,5
4,LE,350000,95,1150 Euro/kWh,HP,October,5
5,LE,350000,95,1150 Euro/kWh,HP,October,5
1,LE,350000,95,1150 Euro/kWh,HP,October,6
2,LE,350000,95,1150 Euro/kWh,HP,October,6
3,LE,350000,95,1150 Euro/kWh,HP,October,6
4,LE,350000,95,1150 Euro/kWh,HP,October,6
5,LE,350000,95,1150 Euro/kWh,HP,October,6
6,LE,350000,95,1150 Euro/kWh,HP,October,6
7,LE,350000,95,1150 Euro/kWh,HP,October,6
8,LE,350000,95,1150 Euro/kWh,HP,October,6
9,LE,350000,95,1150 Euro/kWh,HP,October,6
1,LFA,570000,176,1150 Euro/kWh,HP,October,7
2,LFA,570000,176,1150 Euro/kWh,HP,October,7
3,LFA,570000,176,1150 Euro/kWh,HP,October,7
4,LFA,570000,176,1150 Euro/kWh,HP,October,7
5,LFA,570000,176,1150 Euro/kWh,HP,October,7
6,LFA,570000,176,1150 Euro/kWh,HP,October,7
7,LFA,570000,176,1150 Euro/kWh,HP,October,7
1,LFA,570000,176,1150 Euro/kWh,HP,October,8
2,LFA,570000,176,1150 Euro/kWh,HP,October,8
3,LFA,570000,176,1150 Euro/kWh,HP,October,8
4,LFA,570000,176,1150 Euro/kWh,HP,October,8
5,LFA,570000,176,1150 Euro/kWh,HP,October,8
6,LFA,570000,176,1150 Euro/kWh,HP,October,8
1,LE,350000,95,1150 Euro/kWh,HP,October,9
2,LE,350000,95,1150 Euro/kWh,HP,October,9
3,LE,350000,95,1150 Euro/kWh,HP,October,9
4,LE,350000,95,1150 Euro/kWh,HP,October,9
5,LE,350000,95,1150 Euro/kWh,HP,October,9
1,LFA,570000,176,1150 Euro/kWh,HP,October,10
2,LFA,570000,176,1150 Euro/kWh,HP,October,10
3,LFA,570000,176,1150 Euro/kWh,HP,October,10
4,LFA,570000,176,1150 Euro/kWh,HP,October,10
5,LFA,570000,176,1150 Euro/kWh,HP,October,10
1,LE,350000,95,1150 Euro/kWh,HP,January,1
2,LE,350000,95,1150 Euro/kWh,HP,January,1
3,LE,350000,95,1150 Euro/kWh,HP,January,1
4,LE,350000,95,1150 Euro/kWh,HP,January,1
5,LE,350000,95,1150 Euro/kWh,HP,January,1
6,LE,350000,95,1150 Euro/kWh,HP,January,1
7,LE,350000,95,1150 Euro/kWh,HP,January,1
8,LE,350000,95,1150 Euro/kWh,HP,January,1
9,LE,350000,95,1150 Euro/kWh,HP,January,1
1,LE,350000,95,1150 Euro/kWh,HP,January,11
2,LE,350000,95,1150 Euro/kWh,HP,January,11
3,LE,350000,95,1150 Euro/kWh,HP,January,11
4,LE,350000,95,1150 Euro/kWh,HP,January,11
5,LE,350000,95,1150 Euro/kWh,HP,January,11
1,LE,350000,95,1150 Euro/kWh,HP,November,1
2,LE,350000,95,1150 Euro/kWh,HP,November,1
3,LE,350000,95,1150 Euro/kWh,HP,November,1
4,LE,350000,95,1150 Euro/kWh,HP,November,1
5,LE,350000,95,1150 Euro/kWh,HP,November,1
6,LE,350000,95,1150 Euro/kWh,HP,November,1
7,LE,350000,95,1150 Euro/kWh,HP,November,1
8,LE,350000,95,1150 Euro/kWh,HP,November,1
9,LE,350000,95,1150 Euro/kWh,HP,November,1
1,LE,350000,95,1150 Euro/kWh,HP,November,11
2,LE,350000,95,1150 Euro/kWh,HP,November,11
3,LE,350000,95,1150 Euro/kWh,HP,November,11
4,LE,350000,95,1150 Euro/kWh,HP,November,11
5,LE,350000,95,1150 Euro/kWh,HP,November,11
1,LFA,570000,176,1150 Euro/kWh,HP,November,12
2,LFA,570000,176,1150 Euro/kWh,HP,November,12
3,LFA,570000,176,1150 Euro/kWh,HP,November,12
4,LFA,570000,176,1150 Euro/kWh,HP,November,12
5,LFA,570000,176,1150 Euro/kWh,HP,November,12
1,LFA,570000,176,1150 Euro/kWh,HP,January,12
2,LFA,570000,176,1150 Euro/kWh,HP,January,12
3,LFA,570000,176,1150 Euro/kWh,HP,January,12
4,LFA,570000,176,1150 Euro/kWh,HP,January,12
5,LFA,570000,176,1150 Euro/kWh,HP,January,12
1,LE,350000,95,1150 Euro/kWh,HP,November,2
2,LE,350000,95,1150 Euro/kWh,HP,November,2
3,LE,350000,95,1150 Euro/kWh,HP,November,2
4,LE,350000,95,1150 Euro/kWh,HP,November,2
5,LE,350000,95,1150 Euro/kWh,HP,November,2
6,LE,350000,95,1150 Euro/kWh,HP,November,2
7,LE,350000,95,1150 Euro/kWh,HP,November,2
1,LE,350000,95,1150 Euro/kWh,HP,November,3
2,LE,350000,95,1150 Euro/kWh,HP,November,3
3,LE,350000,95,1150 Euro/kWh,HP,November,3
4,LE,350000,95,1150 Euro/kWh,HP,November,3
5,LE,350000,95,1150 Euro/kWh,HP,November,3
6,LE,350000,95,1150 Euro/kWh,HP,November,3
7,LE,350000,95,1150 Euro/kWh,HP,November,3
8,LE,350000,95,1150 Euro/kWh,HP,November,3
1,LE,350000,95,1150 Euro/kWh,HP,November,4
2,LE,350000,95,1150 Euro/kWh,HP,November,4
3,LE,350000,95,1150 Euro/kWh,HP,November,4
4,LE,350000,95,1150 Euro/kWh,HP,November,4
1,LE,350000,95,1150 Euro/kWh,HP,November,5
2,LE,350000,95,1150 Euro/kWh,HP,November,5
3,LE,350000,95,1150 Euro/kWh,HP,November,5
4,LE,350000,95,1150 Euro/kWh,HP,November,5
5,LE,350000,95,1150 Euro/kWh,HP,November,5
1,LE,350000,95,1150 Euro/kWh,HP,November,6
2,LE,350000,95,1150 Euro/kWh,HP,November,6
3,LE,350000,95,1150 Euro/kWh,HP,November,6
4,LE,350000,95,1150 Euro/kWh,HP,November,6
5,LE,350000,95,1150 Euro/kWh,HP,November,6
6,LE,350000,95,1150 Euro/kWh,HP,November,6
7,LE,350000,95,1150 Euro/kWh,HP,November,6
8,LE,350000,95,1150 Euro/kWh,HP,November,6
9,LE,350000,95,1150 Euro/kWh,HP,November,6
1,LFA,570000,176,1150 Euro/kWh,HP,November,7
2,LFA,570000,176,1150 Euro/kWh,HP,November,7
3,LFA,570000,176,1150 Euro/kWh,HP,November,7
4,LFA,570000,176,1150 Euro/kWh,HP,November,7
5,LFA,570000,176,1150 Euro/kWh,HP,November,7
6,LFA,570000,176,1150 Euro/kWh,HP,November,7
7,LFA,570000,176,1150 Euro/kWh,HP,November,7
1,LFA,570000,176,1150 Euro/kWh,HP,November,8
2,LFA,570000,176,1150 Euro/kWh,HP,November,8
3,LFA,570000,176,1150 Euro/kWh,HP,November,8
4,LFA,570000,176,1150 Euro/kWh,HP,November,8
5,LFA,570000,176,1150 Euro/kWh,HP,November,8
6,LFA,570000,176,1150 Euro/kWh,HP,November,8
1,LE,350000,95,1150 Euro/kWh,HP,November,9
2,LE,350000,95,1150 Euro/kWh,HP,November,9
3,LE,350000,95,1150 Euro/kWh,HP,November,9
4,LE,350000,95,1150 Euro/kWh,HP,November,9
5,LE,350000,95,1150 Euro/kWh,HP,November,9
1,LFA,570000,176,1150 Euro/kWh,HP,November,10
2,LFA,570000,176,1150 Euro/kWh,HP,November,10
3,LFA,570000,176,1150 Euro/kWh,HP,November,10
4,LFA,570000,176,1150 Euro/kWh,HP,November,10
5,LFA,570000,176,1150 Euro/kWh,HP,November,10
1,LE,350000,95,1150 Euro/kWh,HP,January,2
2,LE,350000,95,1150 Euro/kWh,HP,January,2
3,LE,350000,95,1150 Euro/kWh,HP,January,2
4,LE,350000,95,1150 Euro/kWh,HP,January,2
5,LE,350000,95,1150 Euro/kWh,HP,January,2
6,LE,350000,95,1150 Euro/kWh,HP,January,2
7,LE,350000,95,1150 Euro/kWh,HP,January,2
1,LE,350000,95,1150 Euro/kWh,HP,December,1
2,LE,350000,95,1150 Euro/kWh,HP,December,1
3,LE,350000,95,1150 Euro/kWh,HP,December,1
4,LE,350000,95,1150 Euro/kWh,HP,December,1
5,LE,350000,95,1150 Euro/kWh,HP,December,1
6,LE,350000,95,1150 Euro/kWh,HP,December,1
7,LE,350000,95,1150 Euro/kWh,HP,December,1
8,LE,350000,95,1150 Euro/kWh,HP,December,1
9,LE,350000,95,1150 Euro/kWh,HP,December,1
1,LE,350000,95,1150 Euro/kWh,HP,December,11
2,LE,350000,95,1150 Euro/kWh,HP,December,11
3,LE,350000,95,1150 Euro/kWh,HP,December,11
4,LE,350000,95,1150 Euro/kWh,HP,December,11
5,LE,350000,95,1150 Euro/kWh,HP,December,11
1,LFA,570000,176,1150 Euro/kWh,HP,December,12
2,LFA,570000,176,1150 Euro/kWh,HP,December,12
3,LFA,570000,176,1150 Euro/kWh,HP,December,12
4,LFA,570000,176,1150 Euro/kWh,HP,December,12
5,LFA,570000,176,1150 Euro/kWh,HP,December,12
1,LE,350000,95,1150 Euro/kWh,HP,December,2
2,LE,350000,95,1150 Euro/kWh,HP,December,2
3,LE,350000,95,1150 Euro/kWh,HP,December,2
4,LE,350000,95,1150 Euro/kWh,HP,December,2
5,LE,350000,95,1150 Euro/kWh,HP,December,2
6,LE,350000,95,1150 Euro/kWh,HP,December,2
7,LE,350000,95,1150 Euro/kWh,HP,December,2
1,LE,350000,95,1150 Euro/kWh,HP,December,3
2,LE,350000,95,1150 Euro/kWh,HP,December,3
3,LE,350000,95,1150 Euro/kWh,HP,December,3
4,LE,350000,95,1150 Euro/kWh,HP,December,3
5,LE,350000,95,1150 Euro/kWh,HP,December,3
6,LE,350000,95,1150 Euro/kWh,HP,December,3
7,LE,350000,95,1150 Euro/kWh,HP,December,3
8,LE,350000,95,1150 Euro/kWh,HP,December,3
1,LE,350000,95,1150 Euro/kWh,HP,December,4
2,LE,350000,95,1150 Euro/kWh,HP,December,4
3,LE,350000,95,1150 Euro/kWh,HP,December,4
4,LE,350000,95,1150 Euro/kWh,HP,December,4
1,LE,350000,95,1150 Euro/kWh,HP,December,5
2,LE,350000,95,1150 Euro/kWh,HP,December,5
3,LE,350000,95,1150 Euro/kWh,HP,December,5
4,LE,350000,95,1150 Euro/kWh,HP,December,5
5,LE,350000,95,1150 Euro/kWh,HP,December,5
1,LE,350000,95,1150 Euro/kWh,HP,December,6
2,LE,350000,95,1150 Euro/kWh,HP,December,6
3,LE,350000,95,1150 Euro/kWh,HP,December,6
4,LE,350000,95,1150 Euro/kWh,HP,December,6
5,LE,350000,95,1150 Euro/kWh,HP,December,6
6,LE,350000,95,1150 Euro/kWh,HP,December,6
7,LE,350000,95,1150 Euro/kWh,HP,December,6
8,LE,350000,95,1150 Euro/kWh,HP,December,6
9,LE,350000,95,1150 Euro/kWh,HP,December,6
1,LFA,570000,176,1150 Euro/kWh,HP,December,7
2,LFA,570000,176,1150 Euro/kWh,HP,December,7
3,LFA,570000,176,1150 Euro/kWh,HP,December,7
4,LFA,570000,176,1150 Euro/kWh,HP,December,7
5,LFA,570000,176,1150 Euro/kWh,HP,December,7
6,LFA,570000,176,1150 Euro/kWh,HP,December,7
7,LFA,570000,176,1150 Euro/kWh,HP,December,7
1,LFA,570000,176,1150 Euro/kWh,HP,December,8
2,LFA,570000,176,1150 Euro/kWh,HP,December,8
3,LFA,570000,176,1150 Euro/kWh,HP,December,8
4,LFA,570000,176,1150 Euro/kWh,HP,December,8
5,LFA,570000,176,1150 Euro/kWh,HP,December,8
6,LFA,570000,176,1150 Euro/kWh,HP,December,8
1,LE,350000,95,1150 Euro/kWh,HP,December,9
2,LE,350000,95,1150 Euro/kWh,HP,December,9
3,LE,350000,95,1150 Euro/kWh,HP,December,9
4,LE,350000,95,1150 Euro/kWh,HP,December,9
5,LE,350000,95,1150 Euro/kWh,HP,December,9
1,LFA,570000,176,1150 Euro/kWh,HP,December,10
2,LFA,570000,176,1150 Euro/kWh,HP,December,10
3,LFA,570000,176,1150 Euro/kWh,HP,December,10
4,LFA,570000,176,1150 Euro/kWh,HP,December,10
5,LFA,570000,176,1150 Euro/kWh,HP,December,10
1,LE,350000,95,1150 Euro/kWh,HP,January,3
2,LE,350000,95,1150 Euro/kWh,HP,January,3
3,LE,350000,95,1150 Euro/kWh,HP,January,3
4,LE,350000,95,1150 Euro/kWh,HP,January,3
5,LE,350000,95,1150 Euro/kWh,HP,January,3
6,LE,350000,95,1150 Euro/kWh,HP,January,3
7,LE,350000,95,1150 Euro/kWh,HP,January,3
8,LE,350000,95,1150 Euro/kWh,HP,January,3
1,LE,350000,95,1150 Euro/kWh,HP,January,4
2,LE,350000,95,1150 Euro/kWh,HP,January,4
3,LE,350000,95,1150 Euro/kWh,HP,January,4
4,LE,350000,95,1150 Euro/kWh,HP,January,4
1,LE,350000,95,1150 Euro/kWh,HP,January,5
2,LE,350000,95,1150 Euro/kWh,HP,January,5
3,LE,350000,95,1150 Euro/kWh,HP,January,5
4,LE,350000,95,1150 Euro/kWh,HP,January,5
5,LE,350000,95,1150 Euro/kWh,HP,January,5
1,LE,350000,95,1150 Euro/kWh,HP,January,6
2,LE,350000,95,1150 Euro/kWh,HP,January,6
3,LE,350000,95,1150 Euro/kWh,HP,January,6
4,LE,350000,95,1150 Euro/kWh,HP,January,6
5,LE,350000,95,1150 Euro/kWh,HP,January,6
6,LE,350000,95,1150 Euro/kWh,HP,January,6
7,LE,350000,95,1150 Euro/kWh,HP,January,6
8,LE,350000,95,1150 Euro/kWh,HP,January,6
9,LE,350000,95,1150 Euro/kWh,HP,January,6
1,LFA,570000,176,1150 Euro/kWh,HP,January,7
2,LFA,570000,176,1150 Euro/kWh,HP,January,7
3,LFA,570000,176,1150 Euro/kWh,HP,January,7
4,LFA,570000,176,1150 Euro/kWh,HP,January,7
5,LFA,570000,176,1150 Euro/kWh,HP,January,7
6,LFA,570000,176,1150 Euro/kWh,HP,January,7
7,LFA,570000,176,1150 Euro/kWh,HP,January,7
1,LFA,570000,176,1150 Euro/kWh,HP,January,8
2,LFA,570000,176,1150 Euro/kWh,HP,January,8
3,LFA,570000,176,1150 Euro/kWh,HP,January,8
4,LFA,570000,176,1150 Euro/kWh,HP,January,8
5,LFA,570000,176,1150 Euro/kWh,HP,January,8
6,LFA,570000,176,1150 Euro/kWh,HP,January,8
1,LE,350000,95,1150 Euro/kWh,HP,January,9
2,LE,350000,95,1150 Euro/kWh,HP,January,9
3,LE,350000,95,1150 Euro/kWh,HP,January,9
4,LE,350000,95,1150 Euro/kWh,HP,January,9
5,LE,350000,95,1150 Euro/kWh,HP,January,9
1,LFA,570000,176,1150 Euro/kWh,HP,January,10
2,LFA,570000,176,1150 Euro/kWh,HP,January,10
3,LFA,570000,176,1150 Euro/kWh,HP,January,10
4,LFA,570000,176,1150 Euro/kWh,HP,January,10
5,LFA,570000,176,1150 Euro/kWh,HP,January,10
1,LE,350000,95,1150 Euro/kWh,HP,February,1
2,LE,350000,95,1150 Euro/kWh,HP,February,1
3,LE,350000,95,1150 Euro/kWh,HP,February,1
4,LE,350000,95,1150 Euro/kWh,HP,February,1
5,LE,350000,95,1150 Euro/kWh,HP,February,1
6,LE,350000,95,1150 Euro/kWh,HP,February,1
7,LE,350000,95,1150 Euro/kWh,HP,February,1
8,LE,350000,95,1150 Euro/kWh,HP,February,1
9,LE,350000,95,1150 Euro/kWh,HP,February,1
1,LE,350000,95,1150 Euro/kWh,HP,February,11
2,LE,350000,95,1150 Euro/kWh,HP,February,11
3,LE,350000,95,1150 Euro/kWh,HP,February,11
4,LE,350000,95,1150 Euro/kWh,HP,February,11
5,LE,350000,95,1150 Euro/kWh,HP,February,11
1,LFA,570000,176,1150 Euro/kWh,HP,February,12
2,LFA,570000,176,1150 Euro/kWh,HP,February,12
3,LFA,570000,176,1150 Euro/kWh,HP,February,12
4,LFA,570000,176,1150 Euro/kWh,HP,February,12
5,LFA,570000,176,1150 Euro/kWh,HP,February,12
1,LE,350000,95,1150 Euro/kWh,HP,February,2
2,LE,350000,95,1150 Euro/kWh,HP,February,2
3,LE,350000,95,1150 Euro/kWh,HP,February,2
4,LE,350000,95,1150 Euro/kWh,HP,February,2
5,LE,350000,95,1150 Euro/kWh,HP,February,2
6,LE,350000,95,1150 Euro/kWh,HP,February,2
7,LE,350000,95,1150 Euro/kWh,HP,February,2
1,LE,350000,95,1150 Euro/kWh,HP,February,3
2,LE,350000,95,1150 Euro/kWh,HP,February,3
3,LE,350000,95,1150 Euro/kWh,HP,February,3
4,LE,350000,95,1150 Euro/kWh,HP,February,3
5,LE,350000,95,1150 Euro/kWh,HP,February,3
6,LE,350000,95,1150 Euro/kWh,HP,February,3
7,LE,350000,95,1150 Euro/kWh,HP,February,3
8,LE,350000,95,1150 Euro/kWh,HP,February,3
1,LE,350000,95,1150 Euro/kWh,HP,February,4
2,LE,350000,95,1150 Euro/kWh,HP,February,4
3,LE,350000,95,1150 Euro/kWh,HP,February,4
4,LE,350000,95,1150 Euro/kWh,HP,February,4
1,LE,350000,95,1150 Euro/kWh,HP,February,5
2,LE,350000,95,1150 Euro/kWh,HP,February,5
3,LE,350000,95,1150 Euro/kWh,HP,February,5
4,LE,350000,95,1150 Euro/kWh,HP,February,5
5,LE,350000,95,1150 Euro/kWh,HP,February,5
1,LE,350000,95,1150 Euro/kWh,HP,February,6
2,LE,350000,95,1150 Euro/kWh,HP,February,6
3,LE,350000,95,1150 Euro/kWh,HP,February,6
4,LE,350000,95,1150 Euro/kWh,HP,February,6
5,LE,350000,95,1150 Euro/kWh,HP,February,6
6,LE,350000,95,1150 Euro/kWh,HP,February,6
7,LE,350000,95,1150 Euro/kWh,HP,February,6
8,LE,350000,95,1150 Euro/kWh,HP,February,6
9,LE,350000,95,1150 Euro/kWh,HP,February,6
1,LFA,570000,176,1150 Euro/kWh,HP,February,7
2,LFA,570000,176,1150 Euro/kWh,HP,February,7
3,LFA,570000,176,1150 Euro/kWh,HP,February,7
4,LFA,570000,176,1150 Euro/kWh,HP,February,7
5,LFA,570000,176,1150 Euro/kWh,HP,February,7
6,LFA,570000,176,1150 Euro/kWh,HP,February,7
7,LFA,570000,176,1150 Euro/kWh,HP,February,7
1,LFA,570000,176,1150 Euro/kWh,HP,February,8
2,LFA,570000,176,1150 Euro/kWh,HP,February,8
3,LFA,570000,176,1150 Euro/kWh,HP,February,8
4,LFA,570000,176,1150 Euro/kWh,HP,February,8
5,LFA,570000,176,1150 Euro/kWh,HP,February,8
6,LFA,570000,176,1150 Euro/kWh,HP,February,8
1,LE,350000,95,1150 Euro/kWh,HP,February,9
2,LE,350000,95,1150 Euro/kWh,HP,February,9
3,LE,350000,95,1150 Euro/kWh,HP,February,9
4,LE,350000,95,1150 Euro/kWh,HP,February,9
5,LE,350000,95,1150 Euro/kWh,HP,February,9
1,LFA,570000,176,1150 Euro/kWh,HP,February,10
2,LFA,570000,176,1150 Euro/kWh,HP,February,10
3,LFA,570000,176,1150 Euro/kWh,HP,February,10
4,LFA,570000,176,1150 Euro/kWh,HP,February,10
5,LFA,570000,176,1150 Euro/kWh,HP,February,10
1,LE,350000,95,1150 Euro/kWh,HP,March,1
2,LE,350000,95,1150 Euro/kWh,HP,March,1
3,LE,350000,95,1150 Euro/kWh,HP,March,1
4,LE,350000,95,1150 Euro/kWh,HP,March,1
5,LE,350000,95,1150 Euro/kWh,HP,March,1
6,LE,350000,95,1150 Euro/kWh,HP,March,1
7,LE,350000,95,1150 Euro/kWh,HP,March,1
8,LE,350000,95,1150 Euro/kWh,HP,March,1
9,LE,350000,95,1150 Euro/kWh,HP,March,1
1,LE,350000,95,1150 Euro/kWh,HP,March,11
2,LE,350000,95,1150 Euro/kWh,HP,March,11
3,LE,350000,95,1150 Euro/kWh,HP,March,11
4,LE,350000,95,1150 Euro/kWh,HP,March,11
5,LE,350000,95,1150 Euro/kWh,HP,March,11
1,LFA,570000,176,1150 Euro/kWh,HP,March,12
2,LFA,570000,176,1150 Euro/kWh,HP,March,12
3,LFA,570000,176,1150 Euro/kWh,HP,March,12
4,LFA,570000,176,1150 Euro/kWh,HP,March,12
5,LFA,570000,176,1150 Euro/kWh,HP,March,12
1,LE,350000,95,1150 Euro/kWh,HP,March,2
2,LE,350000,95,1150 Euro/kWh,HP,March,2
3,LE,350000,95,1150 Euro/kWh,HP,March,2
4,LE,350000,95,1150 Euro/kWh,HP,March,2
5,LE,350000,95,1150 Euro/kWh,HP,March,2
6,LE,350000,95,1150 Euro/kWh,HP,March,2
7,LE,350000,95,1150 Euro/kWh,HP,March,2
1,LE,350000,95,1150 Euro/kWh,HP,March,3
2,LE,350000,95,1150 Euro/kWh,HP,March,3
3,LE,350000,95,1150 Euro/kWh,HP,March,3
4,LE,350000,95,1150 Euro/kWh,HP,March,3
5,LE,350000,95,1150 Euro/kWh,HP,March,3
6,LE,350000,95,1150 Euro/kWh,HP,March,3
7,LE,350000,95,1150 Euro/kWh,HP,March,3
8,LE,350000,95,1150 Euro/kWh,HP,March,3
1,LE,350000,95,1150 Euro/kWh,HP,March,4
2,LE,350000,95,1150 Euro/kWh,HP,March,4
3,LE,350000,95,1150 Euro/kWh,HP,March,4
4,LE,350000,95,1150 Euro/kWh,HP,March,4
1,LE,350000,95,1150 Euro/kWh,HP,March,5
2,LE,350000,95,1150 Euro/kWh,HP,March,5
3,LE,350000,95,1150 Euro/kWh,HP,March,5
4,LE,350000,95,1150 Euro/kWh,HP,March,5
5,LE,350000,95,1150 Euro/kWh,HP,March,5
1,LE,350000,95,1150 Euro/kWh,HP,March,6
2,LE,350000,95,1150 Euro/kWh,HP,March,6
3,LE,350000,95,1150 Euro/kWh,HP,March,6
4,LE,350000,95,1150 Euro/kWh,HP,March,6
5,LE,350000,95,1150 Euro/kWh,HP,March,6
6,LE,350000,95,1150 Euro/kWh,HP,March,6
7,LE,350000,95,1150 Euro/kWh,HP,March,6
8,LE,350000,95,1150 Euro/kWh,HP,March,6
9,LE,350000,95,1150 Euro/kWh,HP,March,6
1,LFA,570000,176,1150 Euro/kWh,HP,March,7
2,LFA,570000,176,1150 Euro/kWh,HP,March,7
3,LFA,570000,176,1150 Euro/kWh,HP,March,7
4,LFA,570000,176,1150 Euro/kWh,HP,March,7
5,LFA,570000,176,1150 Euro/kWh,HP,March,7
6,LFA,570000,176,1150 Euro/kWh,HP,March,7
7,LFA,570000,176,1150 Euro/kWh,HP,March,7
1,LFA,570000,176,1150 Euro/kWh,HP,March,8
2,LFA,570000,176,1150 Euro/kWh,HP,March,8
3,LFA,570000,176,1150 Euro/kWh,HP,March,8
4,LFA,570000,176,1150 Euro/kWh,HP,March,8
5,LFA,570000,176,1150 Euro/kWh,HP,March,8
6,LFA,570000,176,1150 Euro/kWh,HP,March,8
1,LE,350000,95,1150 Euro/kWh,HP,March,9
2,LE,350000,95,1150 Euro/kWh,HP,March,9
3,LE,350000,95,1150 Euro/kWh,HP,March,9
4,LE,350000,95,1150 Euro/kWh,HP,March,9
5,LE,350000,95,1150 Euro/kWh,HP,March,9
1,LFA,570000,176,1150 Euro/kWh,HP,March,10
2,LFA,570000,176,1150 Euro/kWh,HP,March,10
3,LFA,570000,176,1150 Euro/kWh,HP,March,10
4,LFA,570000,176,1150 Euro/kWh,HP,March,10
5,LFA,570000,176,1150 Euro/kWh,HP,March,10
1,LE,350000,95,1150 Euro/kWh,HP,April,1
2,LE,350000,95,1150 Euro/kWh,HP,April,1
3,LE,350000,95,1150 Euro/kWh,HP,April,1
4,LE,350000,95,1150 Euro/kWh,HP,April,1
5,LE,350000,95,1150 Euro/kWh,HP,April,1
6,LE,350000,95,1150 Euro/kWh,HP,April,1
7,LE,350000,95,1150 Euro/kWh,HP,April,1
8,LE,350000,95,1150 Euro/kWh,HP,April,1
9,LE,350000,95,1150 Euro/kWh,HP,April,1
1,LE,350000,95,1150 Euro/kWh,HP,April,11
2,LE,350000,95,1150 Euro/kWh,HP,April,11
3,LE,350000,95,1150 Euro/kWh,HP,April,11
4,LE,350000,95,1150 Euro/kWh,HP,April,11
5,LE,350000,95,1150 Euro/kWh,HP,April,11
1,LFA,570000,176,1150 Euro/kWh,HP,April,12
2,LFA,570000,176,1150 Euro/kWh,HP,April,12
3,LFA,570000,176,1150 Euro/kWh,HP,April,12
4,LFA,570000,176,1150 Euro/kWh,HP,April,12
5,LFA,570000,176,1150 Euro/kWh,HP,April,12
1,LE,350000,95,1150 Euro/kWh,HP,April,2
2,LE,350000,95,1150 Euro/kWh,HP,April,2
3,LE,350000,95,1150 Euro/kWh,HP,April,2
4,LE,350000,95,1150 Euro/kWh,HP,April,2
5,LE,350000,95,1150 Euro/kWh,HP,April,2
6,LE,350000,95,1150 Euro/kWh,HP,April,2
7,LE,350000,95,1150 Euro/kWh,HP,April,2
1,LE,350000,95,1150 Euro/kWh,HP,April,3
2,LE,350000,95,1150 Euro/kWh,HP,April,3
3,LE,350000,95,1150 Euro/kWh,HP,April,3
4,LE,350000,95,1150 Euro/kWh,HP,April,3
5,LE,350000,95,1150 Euro/kWh,HP,April,3
6,LE,350000,95,1150 Euro/kWh,HP,April,3
7,LE,350000,95,1150 Euro/kWh,HP,April,3
8,LE,350000,95,1150 Euro/kWh,HP,April,3
1,LE,350000,95,1150 Euro/kWh,HP,April,4
2,LE,350000,95,1150 Euro/kWh,HP,April,4
3,LE,350000,95,1150 Euro/kWh,HP,April,4
4,LE,350000,95,1150 Euro/kWh,HP,April,4
1,LE,350000,95,1150 Euro/kWh,HP,April,5
2,LE,350000,95,1150 Euro/kWh,HP,April,5
3,LE,350000,95,1150 Euro/kWh,HP,April,5
4,LE,350000,95,1150 Euro/kWh,HP,April,5
5,LE,350000,95,1150 Euro/kWh,HP,April,5
1,LE,350000,95,1150 Euro/kWh,HP,April,6
2,LE,350000,95,1150 Euro/kWh,HP,April,6
3,LE,350000,95,1150 Euro/kWh,HP,April,6
4,LE,350000,95,1150 Euro/kWh,HP,April,6
5,LE,350000,95,1150 Euro/kWh,HP,April,6
6,LE,350000,95,1150 Euro/kWh,HP,April,6
7,LE,350000,95,1150 Euro/kWh,HP,April,6
8,LE,350000,95,1150 Euro/kWh,HP,April,6
9,LE,350000,95,1150 Euro/kWh,HP,April,6
1,LFA,570000,176,1150 Euro/kWh,HP,April,7
2,LFA,570000,176,1150 Euro/kWh,HP,April,7
3,LFA,570000,176,1150 Euro/kWh,HP,April,7
4,LFA,570000,176,1150 Euro/kWh,HP,April,7
5,LFA,570000,176,1150 Euro/kWh,HP,April,7
6,LFA,570000,176,1150 Euro/kWh,HP,April,7
7,LFA,570000,176,1150 Euro/kWh,HP,April,7
1,LFA,570000,176,1150 Euro/kWh,HP,April,8
2,LFA,570000,176,1150 Euro/kWh,HP,April,8
3,LFA,570000,176,1150 Euro/kWh,HP,April,8
4,LFA,570000,176,1150 Euro/kWh,HP,April,8
5,LFA,570000,176,1150 Euro/kWh,HP,April,8
6,LFA,570000,176,1150 Euro/kWh,HP,April,8
1,LE,350000,95,1150 Euro/kWh,HP,April,9
2,LE,350000,95,1150 Euro/kWh,HP,April,9
3,LE,350000,95,1150 Euro/kWh,HP,April,9
4,LE,350000,95,1150 Euro/kWh,HP,April,9
5,LE,350000,95,1150 Euro/kWh,HP,April,9
1,LFA,570000,176,1150 Euro/kWh,HP,April,10
2,LFA,570000,176,1150 Euro/kWh,HP,April,10
3,LFA,570000,176,1150 Euro/kWh,HP,April,10
4,LFA,570000,176,1150 Euro/kWh,HP,April,10
5,LFA,570000,176,1150 Euro/kWh,HP,April,10
1,LE,350000,95,1150 Euro/kWh,HP,May,1
2,LE,350000,95,1150 Euro/kWh,HP,May,1
3,LE,350000,95,1150 Euro/kWh,HP,May,1
4,LE,350000,95,1150 Euro/kWh,HP,May,1
5,LE,350000,95,1150 Euro/kWh,HP,May,1
6,LE,350000,95,1150 Euro/kWh,HP,May,1
7,LE,350000,95,1150 Euro/kWh,HP,May,1
8,LE,350000,95,1150 Euro/kWh,HP,May,1
9,LE,350000,95,1150 Euro/kWh,HP,May,1
1,LE,350000,95,1150 Euro/kWh,HP,May,11
2,LE,350000,95,1150 Euro/kWh,HP,May,11
3,LE,350000,95,1150 Euro/kWh,HP,May,11
4,LE,350000,95,1150 Euro/kWh,HP,May,11
5,LE,350000,95,1150 Euro/kWh,HP,May,11
1,LFA,570000,176,1150 Euro/kWh,HP,May,12
2,LFA,570000,176,1150 Euro/kWh,HP,May,12
3,LFA,570000,176,1150 Euro/kWh,HP,May,12
4,LFA,570000,176,1150 Euro/kWh,HP,May,12
5,LFA,570000,176,1150 Euro/kWh,HP,May,12
1,LE,350000,95,1150 Euro/kWh,HP,May,2
2,LE,350000,95,1150 Euro/kWh,HP,May,2
3,LE,350000,95,1150 Euro/kWh,HP,May,2
4,LE,350000,95,1150 Euro/kWh,HP,May,2
5,LE,350000,95,1150 Euro/kWh,HP,May,2
6,LE,350000,95,1150 Euro/kWh,HP,May,2
7,LE,350000,95,1150 Euro/kWh,HP,May,2
1,LE,350000,95,1150 Euro/kWh,HP,May,3
2,LE,350000,95,1150 Euro/kWh,HP,May,3
3,LE,350000,95,1150 Euro/kWh,HP,May,3
4,LE,350000,95,1150 Euro/kWh,HP,May,3
5,LE,350000,95,1150 Euro/kWh,HP,May,3
6,LE,350000,95,1150 Euro/kWh,HP,May,3
7,LE,350000,95,1150 Euro/kWh,HP,May,3
8,LE,350000,95,1150 Euro/kWh,HP,May,3
1,LE,350000,95,1150 Euro/kWh,HP,May,4
2,LE,350000,95,1150 Euro/kWh,HP,May,4
3,LE,350000,95,1150 Euro/kWh,HP,May,4
4,LE,350000,95,1150 Euro/kWh,HP,May,4
1,LE,350000,95,1150 Euro/kWh,HP,May,5
2,LE,350000,95,1150 Euro/kWh,HP,May,5
3,LE,350000,95,1150 Euro/kWh,HP,May,5
4,LE,350000,95,1150 Euro/kWh,HP,May,5
5,LE,350000,95,1150 Euro/kWh,HP,May,5
1,LE,350000,95,1150 Euro/kWh,HP,May,6
2,LE,350000,95,1150 Euro/kWh,HP,May,6
3,LE,350000,95,1150 Euro/kWh,HP,May,6
4,LE,350000,95,1150 Euro/kWh,HP,May,6
5,LE,350000,95,1150 Euro/kWh,HP,May,6
6,LE,350000,95,1150 Euro/kWh,HP,May,6
7,LE,350000,95,1150 Euro/kWh,HP,May,6
8,LE,350000,95,1150 Euro/kWh,HP,May,6
9,LE,350000,95,1150 Euro/kWh,HP,May,6
1,LFA,570000,176,1150 Euro/kWh,HP,May,7
2,LFA,570000,176,1150 Euro/kWh,HP,May,7
3,LFA,570000,176,1150 Euro/kWh,HP,May,7
4,LFA,570000,176,1150 Euro/kWh,HP,May,7
5,LFA,570000,176,1150 Euro/kWh,HP,May,7
6,LFA,570000,176,1150 Euro/kWh,HP,May,7
7,LFA,570000,176,1150 Euro/kWh,HP,May,7
1,LFA,570000,176,1150 Euro/kWh,HP,May,8
2,LFA,570000,176,1150 Euro/kWh,HP,May,8
3,LFA,570000,176,1150 Euro/kWh,HP,May,8
4,LFA,570000,176,1150 Euro/kWh,HP,May,8
5,LFA,570000,176,1150 Euro/kWh,HP,May,8
6,LFA,570000,176,1150 Euro/kWh,HP,May,8
1,LE,350000,95,1150 Euro/kWh,HP,May,9
2,LE,350000,95,1150 Euro/kWh,HP,May,9
3,LE,350000,95,1150 Euro/kWh,HP,May,9
4,LE,350000,95,1150 Euro/kWh,HP,May,9
5,LE,350000,95,1150 Euro/kWh,HP,May,9
1,LFA,570000,176,1150 Euro/kWh,HP,May,10
2,LFA,570000,176,1150 Euro/kWh,HP,May,10
3,LFA,570000,176,1150 Euro/kWh,HP,May,10
4,LFA,570000,176,1150 Euro/kWh,HP,May,10
5,LFA,570000,176,1150 Euro/kWh,HP,May,10
1,LE,350000,95,1150 Euro/kWh,HP,June,1
2,LE,350000,95,1150 Euro/kWh,HP,June,1
3,LE,350000,95,1150 Euro/kWh,HP,June,1
4,LE,350000,95,1150 Euro/kWh,HP,June,1
5,LE,350000,95,1150 Euro/kWh,HP,June,1
6,LE,350000,95,1150 Euro/kWh,HP,June,1
7,LE,350000,95,1150 Euro/kWh,HP,June,1
8,LE,350000,95,1150 Euro/kWh,HP,June,1
9,LE,350000,95,1150 Euro/kWh,HP,June,1
1,LE,350000,95,1150 Euro/kWh,HP,June,11
2,LE,350000,95,1150 Euro/kWh,HP,June,11
3,LE,350000,95,1150 Euro/kWh,HP,June,11
4,LE,350000,95,1150 Euro/kWh,HP,June,11
5,LE,350000,95,1150 Euro/kWh,HP,June,11
1,LFA,570000,176,1150 Euro/kWh,HP,June,12
2,LFA,570000,176,1150 Euro/kWh,HP,June,12
3,LFA,570000,176,1150 Euro/kWh,HP,June,12
4,LFA,570000,176,1150 Euro/kWh,HP,June,12
5,LFA,570000,176,1150 Euro/kWh,HP,June,12
1,LE,350000,95,1150 Euro/kWh,HP,June,2
2,LE,350000,95,1150 Euro/kWh,HP,June,2
3,LE,350000,95,1150 Euro/kWh,HP,June,2
4,LE,350000,95,1150 Euro/kWh,HP,June,2
5,LE,350000,95,1150 Euro/kWh,HP,June,2
6,LE,350000,95,1150 Euro/kWh,HP,June,2
7,LE,350000,95,1150 Euro/kWh,HP,June,2
1,LE,350000,95,1150 Euro/kWh,HP,June,3
2,LE,350000,95,1150 Euro/kWh,HP,June,3
3,LE,350000,95,1150 Euro/kWh,HP,June,3
4,LE,350000,95,1150 Euro/kWh,HP,June,3
5,LE,350000,95,1150 Euro/kWh,HP,June,3
6,LE,350000,95,1150 Euro/kWh,HP,June,3
7,LE,350000,95,1150 Euro/kWh,HP,June,3
8,LE,350000,95,1150 Euro/kWh,HP,June,3
1,LE,350000,95,1150 Euro/kWh,HP,June,4
2,LE,350000,95,1150 Euro/kWh,HP,June,4
3,LE,350000,95,1150 Euro/kWh,HP,June,4
4,LE,350000,95,1150 Euro/kWh,HP,June,4
1,LE,350000,95,1150 Euro/kWh,HP,June,5
2,LE,350000,95,1150 Euro/kWh,HP,June,5
3,LE,350000,95,1150 Euro/kWh,HP,June,5
4,LE,350000,95,1150 Euro/kWh,HP,June,5
5,LE,350000,95,1150 Euro/kWh,HP,June,5
1,LE,350000,95,1150 Euro/kWh,HP,June,6
2,LE,350000,95,1150 Euro/kWh,HP,June,6
3,LE,350000,95,1150 Euro/kWh,HP,June,6
4,LE,350000,95,1150 Euro/kWh,HP,June,6
5,LE,350000,95,1150 Euro/kWh,HP,June,6
6,LE,350000,95,1150 Euro/kWh,HP,June,6
7,LE,350000,95,1150 Euro/kWh,HP,June,6
8,LE,350000,95,1150 Euro/kWh,HP,June,6
9,LE,350000,95,1150 Euro/kWh,HP,June,6
1,LFA,570000,176,1150 Euro/kWh,HP,June,7
2,LFA,570000,176,1150 Euro/kWh,HP,June,7
3,LFA,570000,176,1150 Euro/kWh,HP,June,7
4,LFA,570000,176,1150 Euro/kWh,HP,June,7
5,LFA,570000,176,1150 Euro/kWh,HP,June,7
6,LFA,570000,176,1150 Euro/kWh,HP,June,7
7,LFA,570000,176,1150 Euro/kWh,HP,June,7
1,LFA,570000,176,1150 Euro/kWh,HP,June,8
2,LFA,570000,176,1150 Euro/kWh,HP,June,8
3,LFA,570000,176,1150 Euro/kWh,HP,June,8
4,LFA,570000,176,1150 Euro/kWh,HP,June,8
5,LFA,570000,176,1150 Euro/kWh,HP,June,8
6,LFA,570000,176,1150 Euro/kWh,HP,June,8
1,LE,350000,95,1150 Euro/kWh,HP,June,9
2,LE,350000,95,1150 Euro/kWh,HP,June,9
3,LE,350000,95,1150 Euro/kWh,HP,June,9
4,LE,350000,95,1150 Euro/kWh,HP,June,9
5,LE,350000,95,1150 Euro/kWh,HP,June,9
1,LFA,570000,176,1150 Euro/kWh,HP,June,10
2,LFA,570000,176,1150 Euro/kWh,HP,June,10
3,LFA,570000,176,1150 Euro/kWh,HP,June,10
4,LFA,570000,176,1150 Euro/kWh,HP,June,10
5,LFA,570000,176,1150 Euro/kWh,HP,June,10
1,LE,350000,95,1150 Euro/kWh,HP,July,1
2,LE,350000,95,1150 Euro/kWh,HP,July,1
3,LE,350000,95,1150 Euro/kWh,HP,July,1
4,LE,350000,95,1150 Euro/kWh,HP,July,1
5,LE,350000,95,1150 Euro/kWh,HP,July,1
6,LE,350000,95,1150 Euro/kWh,HP,July,1
7,LE,350000,95,1150 Euro/kWh,HP,July,1
8,LE,350000,95,1150 Euro/kWh,HP,July,1
9,LE,350000,95,1150 Euro/kWh,HP,July,1
1,LE,350000,95,1150 Euro/kWh,HP,July,11
2,LE,350000,95,1150 Euro/kWh,HP,July,11
3,LE,350000,95,1150 Euro/kWh,HP,July,11
4,LE,350000,95,1150 Euro/kWh,HP,July,11
5,LE,350000,95,1150 Euro/kWh,HP,July,11
1,LFA,570000,176,1150 Euro/kWh,HP,July,12
2,LFA,570000,176,1150 Euro/kWh,HP,July,12
3,LFA,570000,176,1150 Euro/kWh,HP,July,12
4,LFA,570000,176,1150 Euro/kWh,HP,July,12
5,LFA,570000,176,1150 Euro/kWh,HP,July,12
1,LE,350000,95,1150 Euro/kWh,HP,July,2
2,LE,350000,95,1150 Euro/kWh,HP,July,2
3,LE,350000,95,1150 Euro/kWh,HP,July,2
4,LE,350000,95,1150 Euro/kWh,HP,July,2
5,LE,350000,95,1150 Euro/kWh,HP,July,2
6,LE,350000,95,1150 Euro/kWh,HP,July,2
7,LE,350000,95,1150 Euro/kWh,HP,July,2
1,LE,350000,95,1150 Euro/kWh,HP,July,3
2,LE,350000,95,1150 Euro/kWh,HP,July,3
3,LE,350000,95,1150 Euro/kWh,HP,July,3
4,LE,350000,95,1150 Euro/kWh,HP,July,3
5,LE,350000,95,1150 Euro/kWh,HP,July,3
6,LE,350000,95,1150 Euro/kWh,HP,July,3
7,LE,350000,95,1150 Euro/kWh,HP,July,3
8,LE,350000,95,1150 Euro/kWh,HP,July,3
1,LE,350000,95,1150 Euro/kWh,HP,July,4
2,LE,350000,95,1150 Euro/kWh,HP,July,4
3,LE,350000,95,1150 Euro/kWh,HP,July,4
4,LE,350000,95,1150 Euro/kWh,HP,July,4
1,LE,350000,95,1150 Euro/kWh,HP,July,5
2,LE,350000,95,1150 Euro/kWh,HP,July,5
3,LE,350000,95,1150 Euro/kWh,HP,July,5
4,LE,350000,95,1150 Euro/kWh,HP,July,5
5,LE,350000,95,1150 Euro/kWh,HP,July,5
1,LE,350000,95,1150 Euro/kWh,HP,July,6
2,LE,350000,95,1150 Euro/kWh,HP,July,6
3,LE,350000,95,1150 Euro/kWh,HP,July,6
4,LE,350000,95,1150 Euro/kWh,HP,July,6
5,LE,350000,95,1150 Euro/kWh,HP,July,6
6,LE,350000,95,1150 Euro/kWh,HP,July,6
7,LE,350000,95,1150 Euro/kWh,HP,July,6
8,LE,350000,95,1150 Euro/kWh,HP,July,6
9,LE,350000,95,1150 Euro/kWh,HP,July,6
1,LFA,570000,176,1150 Euro/kWh,HP,July,7
2,LFA,570000,176,1150 Euro/kWh,HP,July,7
3,LFA,570000,176,1150 Euro/kWh,HP,July,7
4,LFA,570000,176,1150 Euro/kWh,HP,July,7
5,LFA,570000,176,1150 Euro/kWh,HP,July,7
6,LFA,570000,176,1150 Euro/kWh,HP,July,7
7,LFA,570000,176,1150 Euro/kWh,HP,July,7
1,LFA,570000,176,1150 Euro/kWh,HP,July,8
2,LFA,570000,176,1150 Euro/kWh,HP,July,8
3,LFA,570000,176,1150 Euro/kWh,HP,July,8
4,LFA,570000,176,1150 Euro/kWh,HP,July,8
5,LFA,570000,176,1150 Euro/kWh,HP,July,8
6,LFA,570000,176,1150 Euro/kWh,HP,July,8
1,LE,350000,95,1150 Euro/kWh,HP,July,9
2,LE,350000,95,1150 Euro/kWh,HP,July,9
3,LE,350000,95,1150 Euro/kWh,HP,July,9
4,LE,350000,95,1150 Euro/kWh,HP,July,9
5,LE,350000,95,1150 Euro/kWh,HP,July,9
1,LFA,570000,176,1150 Euro/kWh,HP,July,10
2,LFA,570000,176,1150 Euro/kWh,HP,July,10
3,LFA,570000,176,1150 Euro/kWh,HP,July,10
4,LFA,570000,176,1150 Euro/kWh,HP,July,10
5,LFA,570000,176,1150 Euro/kWh,HP,July,10
1,LE,350000,95,1150 Euro/kWh,HP,August,1
2,LE,350000,95,1150 Euro/kWh,HP,August,1
3,LE,350000,95,1150 Euro/kWh,HP,August,1
4,LE,350000,95,1150 Euro/kWh,HP,August,1
5,LE,350000,95,1150 Euro/kWh,HP,August,1
6,LE,350000,95,1150 Euro/kWh,HP,August,1
7,LE,350000,95,1150 Euro/kWh,HP,August,1
8,LE,350000,95,1150 Euro/kWh,HP,August,1
9,LE,350000,95,1150 Euro/kWh,HP,August,1
1,LE,350000,95,1150 Euro/kWh,HP,August,11
2,LE,350000,95,1150 Euro/kWh,HP,August,11
3,LE,350000,95,1150 Euro/kWh,HP,August,11
4,LE,350000,95,1150 Euro/kWh,HP,August,11
5,LE,350000,95,1150 Euro/kWh,HP,August,11
1,LFA,570000,176,1150 Euro/kWh,HP,August,12
2,LFA,570000,176,1150 Euro/kWh,HP,August,12
3,LFA,570000,176,1150 Euro/kWh,HP,August,12
4,LFA,570000,176,1150 Euro/kWh,HP,August,12
5,LFA,570000,176,1150 Euro/kWh,HP,August,12
1,LE,350000,95,1150 Euro/kWh,HP,August,2
2,LE,350000,95,1150 Euro/kWh,HP,August,2
3,LE,350000,95,1150 Euro/kWh,HP,August,2
4,LE,350000,95,1150 Euro/kWh,HP,August,2
5,LE,350000,95,1150 Euro/kWh,HP,August,2
6,LE,350000,95,1150 Euro/kWh,HP,August,2
7,LE,350000,95,1150 Euro/kWh,HP,August,2
1,LE,350000,95,1150 Euro/kWh,HP,August,3
2,LE,350000,95,1150 Euro/kWh,HP,August,3
3,LE,350000,95,1150 Euro/kWh,HP,August,3
4,LE,350000,95,1150 Euro/kWh,HP,August,3
5,LE,350000,95,1150 Euro/kWh,HP,August,3
6,LE,350000,95,1150 Euro/kWh,HP,August,3
7,LE,350000,95,1150 Euro/kWh,HP,August,3
8,LE,350000,95,1150 Euro/kWh,HP,August,3
1,LE,350000,95,1150 Euro/kWh,HP,August,4
2,LE,350000,95,1150 Euro/kWh,HP,August,4
3,LE,350000,95,1150 Euro/kWh,HP,August,4
4,LE,350000,95,1150 Euro/kWh,HP,August,4
1,LE,350000,95,1150 Euro/kWh,HP,August,5
2,LE,350000,95,1150 Euro/kWh,HP,August,5
3,LE,350000,95,1150 Euro/kWh,HP,August,5
4,LE,350000,95,1150 Euro/kWh,HP,August,5
5,LE,350000,95,1150 Euro/kWh,HP,August,5
1,LE,350000,95,1150 Euro/kWh,HP,August,6
2,LE,350000,95,1150 Euro/kWh,HP,August,6
3,LE,350000,95,1150 Euro/kWh,HP,August,6
4,LE,350000,95,1150 Euro/kWh,HP,August,6
5,LE,350000,95,1150 Euro/kWh,HP,August,6
6,LE,350000,95,1150 Euro/kWh,HP,August,6
7,LE,350000,95,1150 Euro/kWh,HP,August,6
8,LE,350000,95,1150 Euro/kWh,HP,August,6
9,LE,350000,95,1150 Euro/kWh,HP,August,6
1,LFA,570000,176,1150 Euro/kWh,HP,August,7
2,LFA,570000,176,1150 Euro/kWh,HP,August,7
3,LFA,570000,176,1150 Euro/kWh,HP,August,7
4,LFA,570000,176,1150 Euro/kWh,HP,August,7
5,LFA,570000,176,1150 Euro/kWh,HP,August,7
6,LFA,570000,176,1150 Euro/kWh,HP,August,7
7,LFA,570000,176,1150 Euro/kWh,HP,August,7
1,LFA,570000,176,1150 Euro/kWh,HP,August,8
2,LFA,570000,176,1150 Euro/kWh,HP,August,8
3,LFA,570000,176,1150 Euro/kWh,HP,August,8
4,LFA,570000,176,1150 Euro/kWh,HP,August,8
5,LFA,570000,176,1150 Euro/kWh,HP,August,8
6,LFA,570000,176,1150 Euro/kWh,HP,August,8
1,LE,350000,95,1150 Euro/kWh,HP,August,9
2,LE,350000,95,1150 Euro/kWh,HP,August,9
3,LE,350000,95,1150 Euro/kWh,HP,August,9
4,LE,350000,95,1150 Euro/kWh,HP,August,9
5,LE,350000,95,1150 Euro/kWh,HP,August,9
1,LFA,570000,176,1150 Euro/kWh,HP,August,10
2,LFA,570000,176,1150 Euro/kWh,HP,August,10
3,LFA,570000,176,1150 Euro/kWh,HP,August,10
4,LFA,570000,176,1150 Euro/kWh,HP,August,10
5,LFA,570000,176,1150 Euro/kWh,HP,August,10
1,LE,350000,95,1150 Euro/kWh,HP,September,1
2,LE,350000,95,1150 Euro/kWh,HP,September,1
3,LE,350000,95,1150 Euro/kWh,HP,September,1
4,LE,350000,95,1150 Euro/kWh,HP,September,1
5,LE,350000,95,1150 Euro/kWh,HP,September,1
6,LE,350000,95,1150 Euro/kWh,HP,September,1
7,LE,350000,95,1150 Euro/kWh,HP,September,1
8,LE,350000,95,1150 Euro/kWh,HP,September,1
9,LE,350000,95,1150 Euro/kWh,HP,September,1
1,LE,350000,95,1150 Euro/kWh,HP,September,11
2,LE,350000,95,1150 Euro/kWh,HP,September,11
3,LE,350000,95,1150 Euro/kWh,HP,September,11
4,LE,350000,95,1150 Euro/kWh,HP,September,11
5,LE,350000,95,1150 Euro/kWh,HP,September,11
1,LFA,570000,176,1150 Euro/kWh,HP,September,12
2,LFA,570000,176,1150 Euro/kWh,HP,September,12
3,LFA,570000,176,1150 Euro/kWh,HP,September,12
4,LFA,570000,176,1150 Euro/kWh,HP,September,12
5,LFA,570000,176,1150 Euro/kWh,HP,September,12
1,LE,350000,95,1150 Euro/kWh,HP,September,2
2,LE,350000,95,1150 Euro/kWh,HP,September,2
3,LE,350000,95,1150 Euro/kWh,HP,September,2
4,LE,350000,95,1150 Euro/kWh,HP,September,2
5,LE,350000,95,1150 Euro/kWh,HP,September,2
6,LE,350000,95,1150 Euro/kWh,HP,September,2
7,LE,350000,95,1150 Euro/kWh,HP,September,2
1,LE,350000,95,1150 Euro/kWh,HP,September,3
2,LE,350000,95,1150 Euro/kWh,HP,September,3
3,LE,350000,95,1150 Euro/kWh,HP,September,3
4,LE,350000,95,1150 Euro/kWh,HP,September,3
5,LE,350000,95,1150 Euro/kWh,HP,September,3
6,LE,350000,95,1150 Euro/kWh,HP,September,3
7,LE,350000,95,1150 Euro/kWh,HP,September,3
8,LE,350000,95,1150 Euro/kWh,HP,September,3
1,LE,350000,95,1150 Euro/kWh,HP,September,4
2,LE,350000,95,1150 Euro/kWh,HP,September,4
3,LE,350000,95,1150 Euro/kWh,HP,September,4
4,LE,350000,95,1150 Euro/kWh,HP,September,4
1,LE,350000,95,1150 Euro/kWh,HP,September,5
2,LE,350000,95,1150 Euro/kWh,HP,September,5
3,LE,350000,95,1150 Euro/kWh,HP,September,5
4,LE,350000,95,1150 Euro/kWh,HP,September,5
5,LE,350000,95,1150 Euro/kWh,HP,September,5
1,LE,350000,95,1150 Euro/kWh,HP,September,6
2,LE,350000,95,1150 Euro/kWh,HP,September,6
3,LE,350000,95,1150 Euro/kWh,HP,September,6
4,LE,350000,95,1150 Euro/kWh,HP,September,6
5,LE,350000,95,1150 Euro/kWh,HP,September,6
6,LE,350000,95,1150 Euro/kWh,HP,September,6
7,LE,350000,95,1150 Euro/kWh,HP,September,6
8,LE,350000,95,1150 Euro/kWh,HP,September,6
9,LE,350000,95,1150 Euro/kWh,HP,September,6
1,LFA,570000,176,1150 Euro/kWh,HP,September,7
2,LFA,570000,176,1150 Euro/kWh,HP,September,7
3,LFA,570000,176,1150 Euro/kWh,HP,September,7
4,LFA,570000,176,1150 Euro/kWh,HP,September,7
5,LFA,570000,176,1150 Euro/kWh,HP,September,7
6,LFA,570000,176,1150 Euro/kWh,HP,September,7
7,LFA,570000,176,1150 Euro/kWh,HP,September,7
1,LFA,570000,176,1150 Euro/kWh,HP,September,8
2,LFA,570000,176,1150 Euro/kWh,HP,September,8
3,LFA,570000,176,1150 Euro/kWh,HP,September,8
4,LFA,570000,176,1150 Euro/kWh,HP,September,8
5,LFA,570000,176,1150 Euro/kWh,HP,September,8
6,LFA,570000,176,1150 Euro/kWh,HP,September,8
1,LE,350000,95,1150 Euro/kWh,HP,September,9
2,LE,350000,95,1150 Euro/kWh,HP,September,9
3,LE,350000,95,1150 Euro/kWh,HP,September,9
4,LE,350000,95,1150 Euro/kWh,HP,September,9
5,LE,350000,95,1150 Euro/kWh,HP,September,9
1,LFA,570000,176,1150 Euro/kWh,HP,September,10
2,LFA,570000,176,1150 Euro/kWh,HP,September,10
3,LFA,570000,176,1150 Euro/kWh,HP,September,10
4,LFA,570000,176,1150 Euro/kWh,HP,September,10
5,LFA,570000,176,1150 Euro/kWh,HP,September,10
1,LE,350000,95,1150 Euro/kWh,HP,August,11
2,LE,350000,95,1150 Euro/kWh,HP,August,11
3,LE,350000,95,1150 Euro/kWh,HP,August,11
4,LE,350000,95,1150 Euro/kWh,HP,August,11
1,LFA,570000,176,1150 Euro/kWh,HP,August,12
2,LFA,570000,176,1150 Euro/kWh,HP,August,12
3,LFA,570000,176,1150 Euro/kWh,HP,August,12
4,LFA,570000,176,1150 Euro/kWh,HP,August,12
1,LE,350000,95,1150 Euro/kWh,HP,August,2
2,LE,350000,95,1150 Euro/kWh,HP,August,2
3,LE,350000,95,1150 Euro/kWh,HP,August,2
4,LE,350000,95,1150 Euro/kWh,HP,August,2
5,LE,350000,95,1150 Euro/kWh,HP,August,2
6,LE,350000,95,1150 Euro/kWh,HP,August,2
1,LE,350000,95,1150 Euro/kWh,HP,August,3
2,LE,350000,95,1150 Euro/kWh,HP,August,3
3,LE,350000,95,1150 Euro/kWh,HP,August,3
4,LE,350000,95,1150 Euro/kWh,HP,August,3
5,LE,350000,95,1150 Euro/kWh,HP,August,3
6,LE,350000,95,1150 Euro/kWh,HP,August,3
7,LE,350000,95,1150 Euro/kWh,HP,August,3
1,LE,350000,95,1150 Euro/kWh,HP,August,4
2,LE,350000,95,1150 Euro/kWh,HP,August,4
3,LE,350000,95,1150 Euro/kWh,HP,August,4
1,LE,350000,95,1150 Euro/kWh,HP,August,5
2,LE,350000,95,1150 Euro/kWh,HP,August,5
3,LE,350000,95,1150 Euro/kWh,HP,August,5
4,LE,350000,95,1150 Euro/kWh,HP,August,5
1,LE,350000,95,1150 Euro/kWh,HP,August,6
2,LE,350000,95,1150 Euro/kWh,HP,August,6
3,LE,350000,95,1150 Euro/kWh,HP,August,6
4,LE,350000,95,1150 Euro/kWh,HP,August,6
5,LE,350000,95,1150 Euro/kWh,HP,August,6
6,LE,350000,95,1150 Euro/kWh,HP,August,6
7,LE,350000,95,1150 Euro/kWh,HP,August,6
8,LE,350000,95,1150 Euro/kWh,HP,August,6
1,LFA,570000,176,1150 Euro/kWh,HP,August,7
2,LFA,570000,176,1150 Euro/kWh,HP,August,7
3,LFA,570000,176,1150 Euro/kWh,HP,August,7
4,LFA,570000,176,1150 Euro/kWh,HP,August,7
5,LFA,570000,176,1150 Euro/kWh,HP,August,7
6,LFA,570000,176,1150 Euro/kWh,HP,August,7
1,LFA,570000,176,1150 Euro/kWh,HP,August,8
2,LFA,570000,176,1150 Euro/kWh,HP,August,8
3,LFA,570000,176,1150 Euro/kWh,HP,August,8
4,LFA,570000,176,1150 Euro/kWh,HP,August,8
5,LFA,570000,176,1150 Euro/kWh,HP,August,8
1,LE,350000,95,1150 Euro/kWh,HP,August,9
2,LE,350000,95,1150 Euro/kWh,HP,August,9
3,LE,350000,95,1150 Euro/kWh,HP,August,9
4,LE,350000,95,1150 Euro/kWh,HP,August,9
1,LFA,570000,176,1150 Euro/kWh,HP,August,10
2,LFA,570000,176,1150 Euro/kWh,HP,August,10
3,LFA,570000,176,1150 Euro/kWh,HP,August,10
4,LFA,570000,176,1150 Euro/kWh,HP,August,10
